id,collection,dc.contributor.author,dc.coverage.spatial,dc.coverage.spatial[en_US],dc.coverage.temporal[en_US],dc.date.created,dc.date.digitized,dc.date.issued,dc.description,dc.description.notes,dc.description.notes[en_US],dc.description[en_US],dc.format.extent,dc.format.extent[en_US],dc.format.mimetype,dc.identifier.uri,dc.language.iso,dc.publisher.OLinstitution[en_US],dc.publisher.OLrepository,dc.publisher.digital,dc.relation.ispartof,dc.relation.ispartofseries,dc.relation.ispartofseries[en_US],dc.rights,dc.rights.uri,dc.rights.uri[*],dc.rights[*],dc.subject,dc.subject.lcsh,dc.subject.lcsh[en_US],dc.subject[en_US],dc.title.alternative,dc.title[en_US],dc.type
607199,2374.UC/695985,"Crawford, Marisa||Pendarvis, Jack, 1963-",,University of Cincinnati. Elliston Poetry Room,2014,2014-01-10,2014-01-10,2014-01-31,"<center>Contents:</center>
<br clear=""all""/>
<a href=""http://drc.libraries.uc.edu/bitstream/handle/2374.UC/731507/Elliston_Crawford_Pendarvis_01-10-14.mp3?sequence=6"">All tracks</a>&nbsp;&nbsp;&nbsp;Fiction and poetry reading [complete]
<br clear=""all"" />
<br clear=""all"" />
Marisa Crawford:
<br clear=""all"" />
&nbsp;&nbsp;<a href=""http://drc.libraries.uc.edu/bitstream/handle/2374.UC/731507/Elliston_Marisa_Crawford_01-10-14_Track_01.mp3?sequence=7"">Track 01</a>
&nbsp;&nbsp;&nbsp;&nbsp;Indian Summer
<br clear=""all"" />
&nbsp;&nbsp;<a href=""http://drc.libraries.uc.edu/bitstream/handle/2374.UC/731507/Elliston_Marisa_Crawford_01-10-14_Track_02.mp3?sequence=8"">Track 02</a>
&nbsp;&nbsp;&nbsp;&nbsp;The River
<br clear=""all"" />
&nbsp;&nbsp;<a href=""http://drc.libraries.uc.edu/bitstream/handle/2374.UC/731507/Elliston_Marisa_Crawford_01-10-14_Track_03.mp3?sequence=9"">Track 03</a>
&nbsp;&nbsp;&nbsp;&nbsp;Swimming in Lanes Five and Six
<br clear=""all"" />
&nbsp;&nbsp;<a href=""http://drc.libraries.uc.edu/bitstream/handle/2374.UC/731507/Elliston_Marisa_Crawford_01-10-14_Track_04.mp3?sequence=10"">Track 04</a>
&nbsp;&nbsp;&nbsp;&nbsp;Ghost Story
<br clear=""all"" />
&nbsp;&nbsp;<a href=""http://drc.libraries.uc.edu/bitstream/handle/2374.UC/731507/Elliston_Marisa_Crawford_01-10-14_Track_05.mp3?sequence=11"">Track 05</a>
&nbsp;&nbsp;&nbsp;&nbsp;from The Haunted House
<br clear=""all"" />
&nbsp;&nbsp;<a href=""http://drc.libraries.uc.edu/bitstream/handle/2374.UC/731507/Elliston_Marisa_Crawford_01-10-14_Track_06.mp3?sequence=12"">Track 06</a>
&nbsp;&nbsp;&nbsp;&nbsp;I was more interested
<br clear=""all"" />
&nbsp;&nbsp;<a href=""http://drc.libraries.uc.edu/bitstream/handle/2374.UC/731507/Elliston_Marisa_Crawford_01-10-14_Track_07.mp3?sequence=13"">Track 07</a>
&nbsp;&nbsp;&nbsp;&nbsp;I am inspired
<br clear=""all"" />
&nbsp;&nbsp;<a href=""http://drc.libraries.uc.edu/bitstream/handle/2374.UC/731507/Elliston_Marisa_Crawford_01-10-14_Track_08.mp3?sequence=14"">Track 08</a>
&nbsp;&nbsp;&nbsp;&nbsp;When you told me
<br clear=""all"" />
&nbsp;&nbsp;<a href=""http://drc.libraries.uc.edu/bitstream/handle/2374.UC/731507/Elliston_Marisa_Crawford_01-10-14_Track_09.mp3?sequence=15"">Track 09</a>
&nbsp;&nbsp;&nbsp;&nbsp;The female act
<br clear=""all"" />
&nbsp;&nbsp;<a href=""http://drc.libraries.uc.edu/bitstream/handle/2374.UC/731507/Elliston_Marisa_Crawford_01-10-14_Track_10.mp3?sequence=16"">Track 10</a>
&nbsp;&nbsp;&nbsp;&nbsp;My mom told me
<br clear=""all"" />
&nbsp;&nbsp;<a href=""http://drc.libraries.uc.edu/bitstream/handle/2374.UC/731507/Elliston_Marisa_Crawford_01-10-14_Track_11.mp3?sequence=17"">Track 11</a>
&nbsp;&nbsp;&nbsp;&nbsp;Your mother told you
<br clear=""all"" />
&nbsp;&nbsp;<a href=""http://drc.libraries.uc.edu/bitstream/handle/2374.UC/731507/Elliston_Marisa_Crawford_01-10-14_Track_12.mp3?sequence=18"">Track 12</a>
&nbsp;&nbsp;&nbsp;&nbsp;He Won't Buy Me Bloomies (1)
<br clear=""all"" />
&nbsp;&nbsp;<a href=""http://drc.libraries.uc.edu/bitstream/handle/2374.UC/731507/Elliston_Marisa_Crawford_01-10-14_Track_13.mp3?sequence=19"">Track 13</a>
&nbsp;&nbsp;&nbsp;&nbsp;He Won't Buy Me Bloomies (2)
<br clear=""all"" />
&nbsp;&nbsp;<a href=""http://drc.libraries.uc.edu/bitstream/handle/2374.UC/731507/Elliston_Marisa_Crawford_01-10-14_Track_14.mp3?sequence=20"">Track 14</a>
&nbsp;&nbsp;&nbsp;&nbsp;Sweet Jane Remix
<br clear=""all"" />
&nbsp;&nbsp;<a href=""http://drc.libraries.uc.edu/bitstream/handle/2374.UC/731507/Elliston_Marisa_Crawford_01-10-14_Track_15.mp3?sequence=21"">Track 15</a>
&nbsp;&nbsp;&nbsp;&nbsp;Dream Girls
<br clear=""all"" />
<br clear=""all"" />
Jack Pendarvis:
<br clear=""all"" />
&nbsp;&nbsp;<a href=""http://drc.libraries.uc.edu/bitstream/handle/2374.UC/731507/Elliston_Jack_Pendarvis_01-10-14_Track_16.mp3?sequence=22"">Track 16</a>
&nbsp;&nbsp;&nbsp;&nbsp;from Your Cat Can Be a Movie Star",,Digital Projects SAN: Folder location for wav and mp3 files: /20140110.,,,00:57:12,audio/mpeg,http://hdl.handle.net/2374.UC/731507,en_US,University of Cincinnati,University of Cincinnati. Elliston Poetry Room,University of Cincinnati. University of Cincinnati Libraries,The Elliston Project: Poetry Readings and Lectures at the University of Cincinnati,The Elliston Project : Fiction Readings,The Elliston Project : Poetry Readings,,,http://creativecommons.org/licenses/by-nc-nd/3.0/us/,Attribution-NonCommercial-NoDerivs 3.0 United States,,Fiction--21st century,Poetry--21st century,"Crawford, Marisa||Pendarvis, Jack, 1963-",,"Crawford, Marisa and Jack Pendarvis : fiction and poetry reading; January 10th, 2014","Recording, acoustical"
565184,2374.UC/695985,"Emerson, Claudia, 1957-",,University of Cincinnati. Elliston Poetry Room,2013,2013-04-05,2013-04-05,2013-04-05,"<center>Contents:</center>
<br clear=""all""/>
<a href=""http://drc.libraries.uc.edu/bitstream/handle/2374.UC/701419/Elliston_Claudia_Emerson_04-05-13.mp3?sequence=1"">Lecture</a>&nbsp;&nbsp;&nbsp;On Fashioning a More Careful Measure",,Digital Projects SAN: Folder location for wav and mp3 files: /20130405.,,,00:48:00,audio/mpeg,http://hdl.handle.net/2374.UC/701419,en_US,University of Cincinnati,University of Cincinnati. Elliston Poetry Room,University of Cincinnati. University of Cincinnati Libraries,The Elliston Project: Poetry Readings and Lectures at the University of Cincinnati,The Elliston Project : Lectures||Elliston Poets-in-Residence,,,,http://creativecommons.org/licenses/by-nc-nd/3.0/us/,Attribution-NonCommercial-NoDerivs 3.0 United States,,,Poetry--21st century,"Emerson, Claudia, 1957-",,"Emerson, Claudia : lecture : on fashioning a more careful measure; April 5th, 2013","Recording, acoustical"
569194,2374.UC/695985,"Bolton, April, 1943-",,University of Cincinnati. Elliston Poetry Room,1976,1976-04-26,2012-02-06,2013-04-19,"<center>Contents:</center>
<br clear=""all""/>
<a href=""http://drc.libraries.uc.edu/bitstream/handle/2374.UC/701521/Elliston_April_Bolton_10-26-76.mp3?sequence=1"">All tracks</a>&nbsp;&nbsp;&nbsp;Poetry reading [complete]
<br clear=""all"" />
<a href=""http://drc.libraries.uc.edu/bitstream/handle/2374.UC/701521/Elliston_April_Bolton_10-26-76_Track_01.mp3?sequence=5"">Track 01</a>
&nbsp;&nbsp;&nbsp;&nbsp;The Reason Why
<br clear=""all"" />
<a href=""http://drc.libraries.uc.edu/bitstream/handle/2374.UC/701521/Elliston_April_Bolton_10-26-76_Track_02.mp3?sequence=6"">Track 02</a>
&nbsp;&nbsp;&nbsp;&nbsp;Two People
<br clear=""all"" />
<a href=""http://drc.libraries.uc.edu/bitstream/handle/2374.UC/701521/Elliston_April_Bolton_10-26-76_Track_03.mp3?sequence=7"">Track 03</a>
&nbsp;&nbsp;&nbsp;&nbsp;The Leave Taking
<br clear=""all"" />
<a href=""http://drc.libraries.uc.edu/bitstream/handle/2374.UC/701521/Elliston_April_Bolton_10-26-76_Track_04.mp3?sequence=8"">Track 04</a>
&nbsp;&nbsp;&nbsp;&nbsp;Horticulture
<br clear=""all"" />
<a href=""http://drc.libraries.uc.edu/bitstream/handle/2374.UC/701521/Elliston_April_Bolton_10-26-76_Track_05.mp3?sequence=9"">Track 05</a>
&nbsp;&nbsp;&nbsp;&nbsp;A Song My Grandma Taught Me
<br clear=""all"" />
<a href=""http://drc.libraries.uc.edu/bitstream/handle/2374.UC/701521/Elliston_April_Bolton_10-26-76_Track_06.mp3?sequence=10"">Track 06</a>
&nbsp;&nbsp;&nbsp;&nbsp;I Like You
<br clear=""all"" />
<a href=""http://drc.libraries.uc.edu/bitstream/handle/2374.UC/701521/Elliston_April_Bolton_10-26-76_Track_07.mp3?sequence=11"">Track 07</a>
&nbsp;&nbsp;&nbsp;&nbsp;He Doesn't Know
<br clear=""all"" />
<a href=""http://drc.libraries.uc.edu/bitstream/handle/2374.UC/701521/Elliston_April_Bolton_10-26-76_Track_08.mp3?sequence=12"">Track 08</a>
&nbsp;&nbsp;&nbsp;&nbsp;The Thing That Makes Me Hesitate
<br clear=""all"" />
<a href=""http://drc.libraries.uc.edu/bitstream/handle/2374.UC/701521/Elliston_April_Bolton_10-26-76_Track_09.mp3?sequence=13"">Track 09</a>
&nbsp;&nbsp;&nbsp;&nbsp;Broadway People
<br clear=""all"" />
<a href=""http://drc.libraries.uc.edu/bitstream/handle/2374.UC/701521/Elliston_April_Bolton_10-26-76_Track_10.mp3?sequence=14"">Track 10</a>
&nbsp;&nbsp;&nbsp;&nbsp;The Gas Man
<br clear=""all"" />
<a href=""http://drc.libraries.uc.edu/bitstream/handle/2374.UC/701521/Elliston_April_Bolton_10-26-76_Track_11.mp3?sequence=15"">Track 11</a>
&nbsp;&nbsp;&nbsp;&nbsp;They Pass Freely Into the Room
<br clear=""all"" />
<a href=""http://drc.libraries.uc.edu/bitstream/handle/2374.UC/701521/Elliston_April_Bolton_10-26-76_Track_12.mp3?sequence=16"">Track 12</a>
&nbsp;&nbsp;&nbsp;&nbsp;Bad Nickel
<br clear=""all"" />
<a href=""http://drc.libraries.uc.edu/bitstream/handle/2374.UC/701521/Elliston_April_Bolton_10-26-76_Track_13.mp3?sequence=17"">Track 13</a>
&nbsp;&nbsp;&nbsp;&nbsp;The Wrong Person
<br clear=""all"" />
<a href=""http://drc.libraries.uc.edu/bitstream/handle/2374.UC/701521/Elliston_April_Bolton_10-26-76_Track_14.mp3?sequence=18"">Track 14</a>
&nbsp;&nbsp;&nbsp;&nbsp;Terrible Things in the Future",,Digital Projects SAN: Folder and disc location for wav file: 20120206/BOX1/Disc 2. Folder and disc location for mp3 file: 20120206/BOX1/Disc 3/mp3s box 1,Description inside reel box: For air 10-26-76; Mono; Heads up; Run with board in parallel,,00:29:08,audio/mpeg,http://hdl.handle.net/2374.UC/701521,en_US,University of Cincinnati,University of Cincinnati. Elliston Poetry Room,University of Cincinnati. University of Cincinnati Libraries,The Elliston Project: Poetry Readings and Lectures at the University of Cincinnati,The Elliston Project : Poetry Readings,Elliston Reading Series : Corner Poets,,,http://creativecommons.org/licenses/by-nc-nd/3.0/us/,Attribution-NonCommercial-NoDerivs 3.0 United States,,,Poetry--20th century,"Bolton, April, 1943-",,"Bolton, April : interview and poetry reading : Corner Poets #30; October 26th, 1976","Recording, acoustical"
569096,2374.UC/695985,"Emerson, Claudia, 1957-",,University of Cincinnati. Elliston Poetry Room,2013,2013-03-15,2013-03-15,2013-04-05,"<center>Contents:</center>
<br clear=""all""/>
<a href=""http://drc.libraries.uc.edu/bitstream/handle/2374.UC/701418/Elliston_Claudia_Emerson_03-15-13.mp3?sequence=2"">All tracks</a>&nbsp;&nbsp;&nbsp;Poetry reading [complete]
<br clear=""all"" />
<a href=""http://drc.libraries.uc.edu/bitstream/handle/2374.UC/701418/Elliston_Claudia_Emerson_03-15-13_Track_01.mp3?sequence=6"">Track 01</a>
&nbsp;&nbsp;&nbsp;&nbsp;Late April House Fire Along Interstate 81
<br clear=""all"" />
<a href=""http://drc.libraries.uc.edu/bitstream/handle/2374.UC/701418/Elliston_Claudia_Emerson_03-15-13_Track_02.mp3?sequence=7"">Track 02</a>
&nbsp;&nbsp;&nbsp;&nbsp;Secure the Shadow
<br clear=""all"" />
<a href=""http://drc.libraries.uc.edu/bitstream/handle/2374.UC/701418/Elliston_Claudia_Emerson_03-15-13_Track_03.mp3?sequence=8"">Track 03</a>
&nbsp;&nbsp;&nbsp;&nbsp;After Hours: A Glimpse of the Radiologist
<br clear=""all"" />
<a href=""http://drc.libraries.uc.edu/bitstream/handle/2374.UC/701418/Elliston_Claudia_Emerson_03-15-13_Track_04.mp3?sequence=9"">Track 04</a>
&nbsp;&nbsp;&nbsp;&nbsp;Cold Room
<br clear=""all"" />
<a href=""http://drc.libraries.uc.edu/bitstream/handle/2374.UC/701418/Elliston_Claudia_Emerson_03-15-13_Track_05.mp3?sequence=10"">Track 05</a>
&nbsp;&nbsp;&nbsp;&nbsp;Namesake
<br clear=""all"" />
<a href=""http://drc.libraries.uc.edu/bitstream/handle/2374.UC/701418/Elliston_Claudia_Emerson_03-15-13_Track_06.mp3?sequence=11"">Track 06</a>
&nbsp;&nbsp;&nbsp;&nbsp;The Present Tense
<br clear=""all"" />
<a href=""http://drc.libraries.uc.edu/bitstream/handle/2374.UC/701418/Elliston_Claudia_Emerson_03-15-13_Track_07.mp3?sequence=12"">Track 07</a>
&nbsp;&nbsp;&nbsp;&nbsp;The Hearing
<br clear=""all"" />
<a href=""http://drc.libraries.uc.edu/bitstream/handle/2374.UC/701418/Elliston_Claudia_Emerson_03-15-13_Track_08.mp3?sequence=13"">Track 08</a>
&nbsp;&nbsp;&nbsp;&nbsp;Lifeguard
<br clear=""all"" />
<a href=""http://drc.libraries.uc.edu/bitstream/handle/2374.UC/701418/Elliston_Claudia_Emerson_03-15-13_Track_09.mp3?sequence=14"">Track 09</a>
&nbsp;&nbsp;&nbsp;&nbsp;Ephemeris
<br clear=""all"" />
<a href=""http://drc.libraries.uc.edu/bitstream/handle/2374.UC/701418/Elliston_Claudia_Emerson_03-15-13_Track_10.mp3?sequence=15"">Track 10</a>
&nbsp;&nbsp;&nbsp;&nbsp;Headmistress
<br clear=""all"" />
<a href=""http://drc.libraries.uc.edu/bitstream/handle/2374.UC/701418/Elliston_Claudia_Emerson_03-15-13_Track_11.mp3?sequence=16"">Track 11</a>
&nbsp;&nbsp;&nbsp;&nbsp;Barber
<br clear=""all"" />
<a href=""http://drc.libraries.uc.edu/bitstream/handle/2374.UC/701418/Elliston_Claudia_Emerson_03-15-13_Track_12.mp3?sequence=17"">Track 12</a>
&nbsp;&nbsp;&nbsp;&nbsp;Small Pox
<br clear=""all"" />
<a href=""http://drc.libraries.uc.edu/bitstream/handle/2374.UC/701418/Elliston_Claudia_Emerson_03-15-13_Track_13.mp3?sequence=18"">Track 13</a>
&nbsp;&nbsp;&nbsp;&nbsp;A Frontispiece
<br clear=""all"" />
<a href=""http://drc.libraries.uc.edu/bitstream/handle/2374.UC/701418/Elliston_Claudia_Emerson_03-15-13_Track_14.mp3?sequence=19"">Track 14</a>
&nbsp;&nbsp;&nbsp;&nbsp;Last, the Night
<br clear=""all"" />
<a href=""http://drc.libraries.uc.edu/bitstream/handle/2374.UC/701418/Elliston_Claudia_Emerson_03-15-13_Track_15.mp3?sequence=20"">Track 15</a>
&nbsp;&nbsp;&nbsp;&nbsp;Fire Ring",,Digital Projects SAN: Folder location for wav and mp3 files: /20130315.,,,00:49:59,audio/mpeg,http://hdl.handle.net/2374.UC/701418,en_US,University of Cincinnati,University of Cincinnati. Elliston Poetry Room,University of Cincinnati. University of Cincinnati Libraries,The Elliston Project: Poetry Readings and Lectures at the University of Cincinnati,The Elliston Project : Poetry Readings||Elliston Poets-in-Residence,,,,http://creativecommons.org/licenses/by-nc-nd/3.0/us/,Attribution-NonCommercial-NoDerivs 3.0 United States,,,Poetry--21st century,"Emerson, Claudia, 1957-",,"Emerson, Claudia : poetry reading; March 15th, 2013","Recording, acoustical"
569210,2374.UC/695985,"Ashbery, John, 1927-||Lehman, David, 1948-",,University of Cincinnati. Elliston Poetry Room,1998,1998-02-18,2012-05-14,2013-04-19,,,Digital Projects SAN: Folder and disc location for wav file: 20120514/Disc 5. Folder and disc location for mp3 file: 20120514/Disc 6/mp3s.,"Description on cassette : David Lehman - John Ashbery Discussion (BAP) - February 18, 1998||<center>Contents:</center>
<br clear=""all""/>
<a href=""http://drc.libraries.uc.edu/bitstream/handle/2374.UC/697139/Elliston_Ashbery_Lehman_02-18-98.mp3?sequence=1"">Panel Discussion</a>&nbsp;&nbsp;&nbsp; with John Ashbery and David Lehman",,00:29:41,audio/mpeg,http://hdl.handle.net/2374.UC/701496,en_US,University of Cincinnati,University of Cincinnati. Elliston Poetry Room,University of Cincinnati. University of Cincinnati Libraries,The Elliston Project: Poetry Readings and Lectures at the University of Cincinnati,The Elliston Project : Discussions,,,,http://creativecommons.org/licenses/by-nc-nd/3.0/us/,Attribution-NonCommercial-NoDerivs 3.0 United States,,,Poetry--20th century,"Ashbery, John, 1927-||Lehman, David, 1948-",,"Ashbery, John and David Lehman : panel discussion; Febraury 18th, 1998","Recording, acoustical"
606776,2374.UC/695985,"Duhamel, Denise, 1961-",,University of Cincinnati. Elliston Poetry Room,2013,2013-11-22,2013-11-22,2013-11-22,"Introduction: Don Bogen||<center>Contents:</center>
<br clear=""all""/>
<a href=""http://drc.libraries.uc.edu/bitstream/handle/2374.UC/731008/Elliston_Denise_Duhamel_11-22-13.mp3?sequence=1"">All tracks</a>&nbsp;&nbsp;&nbsp;Poetry reading [complete]
<br clear=""all"" />
<a href=""http://drc.libraries.uc.edu/bitstream/handle/2374.UC/731008/Elliston_Denise_Duhamel_11-22-13_Track_01.mp3?sequence=6"">Track 01</a>
&nbsp;&nbsp;&nbsp;&nbsp;reading from her Introduction to The Best American Poetry 2013
<br clear=""all"" />
<a href=""http://drc.libraries.uc.edu/bitstream/handle/2374.UC/731008/Elliston_Denise_Duhamel_11-22-13_Track_02.mp3?sequence=7"">Track 02</a>
&nbsp;&nbsp;&nbsp;&nbsp;reading Kim Addonizio's ""Divine""
<br clear=""all"" />
<a href=""http://drc.libraries.uc.edu/bitstream/handle/2374.UC/731008/Elliston_Denise_Duhamel_11-22-13_Track_03.mp3?sequence=8"">Track 03</a>
&nbsp;&nbsp;&nbsp;&nbsp;reading David Hernandez' ""All American""
<br clear=""all"" />
<a href=""http://drc.libraries.uc.edu/bitstream/handle/2374.UC/731008/Elliston_Denise_Duhamel_11-22-13_Track_04.mp3?sequence=9"">Track 04</a>
&nbsp;&nbsp;&nbsp;&nbsp;reading Victoria Kelly's ""When the Men Go Off to War""
<br clear=""all"" />
<a href=""http://drc.libraries.uc.edu/bitstream/handle/2374.UC/731008/Elliston_Denise_Duhamel_11-22-13_Track_05.mp3?sequence=10"">Track 05</a>
&nbsp;&nbsp;&nbsp;&nbsp;Delta Flight 659
<br clear=""all"" />
<a href=""http://drc.libraries.uc.edu/bitstream/handle/2374.UC/731008/Elliston_Denise_Duhamel_11-22-13_Track_06.mp3?sequence=11"">Track 06</a>
&nbsp;&nbsp;&nbsp;&nbsp;I Dreamed I Wrote This Sestina in My Maidenform Bra
<br clear=""all"" />
<a href=""http://drc.libraries.uc.edu/bitstream/handle/2374.UC/731008/Elliston_Denise_Duhamel_11-22-13_Track_07.mp3?sequence=12"">Track 07</a>
&nbsp;&nbsp;&nbsp;&nbsp;Dinner Party Horror
<br clear=""all"" />
<a href=""http://drc.libraries.uc.edu/bitstream/handle/2374.UC/731008/Elliston_Denise_Duhamel_11-22-13_Track_08.mp3?sequence=13"">Track 08</a>
&nbsp;&nbsp;&nbsp;&nbsp;Casino
<br clear=""all"" />
<a href=""http://drc.libraries.uc.edu/bitstream/handle/2374.UC/731008/Elliston_Denise_Duhamel_11-22-13_Track_09.mp3?sequence=14"">Track 09</a>
&nbsp;&nbsp;&nbsp;&nbsp;My Mother's Hair
<br clear=""all"" />
<a href=""http://drc.libraries.uc.edu/bitstream/handle/2374.UC/731008/Elliston_Denise_Duhamel_11-22-13_Track_10.mp3?sequence=15"">Track 10</a>
&nbsp;&nbsp;&nbsp;&nbsp;Washing My Father's Hair
<br clear=""all"" />
<a href=""http://drc.libraries.uc.edu/bitstream/handle/2374.UC/731008/Elliston_Denise_Duhamel_11-22-13_Track_11.mp3?sequence=16"">Track 11</a>
&nbsp;&nbsp;&nbsp;&nbsp;Healing Pies
<br clear=""all"" />
<a href=""http://drc.libraries.uc.edu/bitstream/handle/2374.UC/731008/Elliston_Denise_Duhamel_11-22-13_Track_12.mp3?sequence=17"">Track 12</a>
&nbsp;&nbsp;&nbsp;&nbsp;Old Love Poems
<br clear=""all"" />
<a href=""http://drc.libraries.uc.edu/bitstream/handle/2374.UC/731008/Elliston_Denise_Duhamel_11-22-13_Track_13.mp3?sequence=18"">Track 13</a>
&nbsp;&nbsp;&nbsp;&nbsp;Recession Commandments
<br clear=""all"" />
<a href=""http://drc.libraries.uc.edu/bitstream/handle/2374.UC/731008/Elliston_Denise_Duhamel_11-22-13_Track_14.mp3?sequence=19"">Track 14</a>
&nbsp;&nbsp;&nbsp;&nbsp;My Strip Club
<br clear=""all"" />
<a href=""http://drc.libraries.uc.edu/bitstream/handle/2374.UC/731008/Elliston_Denise_Duhamel_11-22-13_Track_15.mp3?sequence=20"">Track 15</a>
&nbsp;&nbsp;&nbsp;&nbsp;How It Will End",,Digital Projects SAN: Folder location for wav and mp3 files: /20131122.,,,00:56:40,audio/mpeg,http://hdl.handle.net/2374.UC/731008,en_US,University of Cincinnati,University of Cincinnati. Elliston Poetry Room,University of Cincinnati. University of Cincinnati Libraries,The Elliston Project: Poetry Readings and Lectures at the University of Cincinnati,,The Elliston Project : Poetry Readings,,,http://creativecommons.org/licenses/by-nc-nd/3.0/us/,Attribution-NonCommercial-NoDerivs 3.0 United States,,,Poetry--21st century,"Duhamel, Denise, 1961-",,"Duhamel, Denise : poetry reading; November 22nd, 2013","Recording, acoustical"
607008,2374.UC/695985,"Dennis, Carl, 1939",,University of Cincinnati. Elliston Poetry Room,2004,2004-10-27,2004-10-27,2013-12-19,"<center>Contents:</center>
<br clear=""all""/>
<a href=""http://drc.libraries.uc.edu/bitstream/handle/2374.UC/731253/Elliston_Carl_Dennis_10-27-04.mp3?sequence=1"">All tracks</a>&nbsp;&nbsp;&nbsp;Poetry reading [complete]
<br clear=""all"" />
<a href=""http://drc.libraries.uc.edu/bitstream/handle/2374.UC/731253/Elliston_Carl_Dennis_10-27-04_Track_01.mp3?sequence=5"">Track 01</a>
&nbsp;&nbsp;&nbsp;&nbsp;Invitation
<br clear=""all"" />
<a href=""http://drc.libraries.uc.edu/bitstream/handle/2374.UC/731253/Elliston_Carl_Dennis_10-27-04_Track_02.mp3?sequence=6"">Track 02</a>
&nbsp;&nbsp;&nbsp;&nbsp;Socrates & I
<br clear=""all"" />
<a href=""http://drc.libraries.uc.edu/bitstream/handle/2374.UC/731253/Elliston_Carl_Dennis_10-27-04_Track_03.mp3?sequence=7"">Track 03</a>
&nbsp;&nbsp;&nbsp;&nbsp;At the Oak St. Restaurant
<br clear=""all"" />
<a href=""http://drc.libraries.uc.edu/bitstream/handle/2374.UC/731253/Elliston_Carl_Dennis_10-27-04_Track_04.mp3?sequence=8"">Track 04</a>
&nbsp;&nbsp;&nbsp;&nbsp;Our Generation
<br clear=""all"" />
<a href=""http://drc.libraries.uc.edu/bitstream/handle/2374.UC/731253/Elliston_Carl_Dennis_10-27-04_Track_05.mp3?sequence=9"">Track 05</a>
&nbsp;&nbsp;&nbsp;&nbsp;A Visit to West Point
<br clear=""all"" />
<a href=""http://drc.libraries.uc.edu/bitstream/handle/2374.UC/731253/Elliston_Carl_Dennis_10-27-04_Track_06.mp3?sequence=10"">Track 06</a>
&nbsp;&nbsp;&nbsp;&nbsp;String Quartet
<br clear=""all"" />
<a href=""http://drc.libraries.uc.edu/bitstream/handle/2374.UC/731253/Elliston_Carl_Dennis_10-27-04_Track_07.mp3?sequence=11"">Track 07</a>
&nbsp;&nbsp;&nbsp;&nbsp;Letter to Shakespeare
<br clear=""all"" />
<a href=""http://drc.libraries.uc.edu/bitstream/handle/2374.UC/731253/Elliston_Carl_Dennis_10-27-04_Track_08.mp3?sequence=12"">Track 08</a>
&nbsp;&nbsp;&nbsp;&nbsp;The Next Life
<br clear=""all"" />
<a href=""http://drc.libraries.uc.edu/bitstream/handle/2374.UC/731253/Elliston_Carl_Dennis_10-27-04_Track_09.mp3?sequence=13"">Track 09</a>
&nbsp;&nbsp;&nbsp;&nbsp;To Happiness
<br clear=""all"" />
<a href=""http://drc.libraries.uc.edu/bitstream/handle/2374.UC/731253/Elliston_Carl_Dennis_10-27-04_Track_10.mp3?sequence=14"">Track 10</a>
&nbsp;&nbsp;&nbsp;&nbsp;School Days
<br clear=""all"" />
<a href=""http://drc.libraries.uc.edu/bitstream/handle/2374.UC/731253/Elliston_Carl_Dennis_10-27-04_Track_11.mp3?sequence=15"">Track 11</a>
&nbsp;&nbsp;&nbsp;&nbsp;Your City
<br clear=""all"" />
<a href=""http://drc.libraries.uc.edu/bitstream/handle/2374.UC/731253/Elliston_Carl_Dennis_10-27-04_Track_12.mp3?sequence=16"">Track 12</a>
&nbsp;&nbsp;&nbsp;&nbsp;Numbers
<br clear=""all"" />
<a href=""http://drc.libraries.uc.edu/bitstream/handle/2374.UC/731253/Elliston_Carl_Dennis_10-27-04_Track_13.mp3?sequence=17"">Track 13</a>
&nbsp;&nbsp;&nbsp;&nbsp;Candles",,Digital Projects SAN: Folder and disc location for wav file: 20120410/Disc 2. Folder and disc location for mp3 file: 20120410/Disc 6/mp3s.,,,00:50:41,audio/mpeg,http://hdl.handle.net/2374.UC/731253,en_US,University of Cincinnati,University of Cincinnati. Elliston Poetry Room,University of Cincinnati. University of Cincinnati Libraries,The Elliston Project: Poetry Readings and Lectures at the University of Cincinnati,,The Elliston Project : Poetry Readings,,,http://creativecommons.org/licenses/by-nc-nd/3.0/us/,Attribution-NonCommercial-NoDerivs 3.0 United States,,,Poetry--21st century,"Dennis, Carl, 1939-",,"Dennis, Carl : poetry reading; October 27th, 2004","Recording, acoustical"
569715,2374.UC/695985,"Funk, Allison, 1951-",,University of Cincinnati. Elliston Poetry Room,2004,2004-03-09,2012-05-14,2013-06-03,"<center>Contents:</center>
<br clear=""all""/>
<a href=""http://drc.libraries.uc.edu/bitstream/handle/2374.UC/701909/Elliston_Allison_Funk_03-09-04.mp3?sequence=1"">All tracks</a>&nbsp;&nbsp;&nbsp;Poetry reading [complete]
<br clear=""all"" />
<a href=""http://drc.libraries.uc.edu/bitstream/handle/2374.UC/701909/Elliston_Allison_Funk_03-09-04_Track_01.mp3?sequence=5"">Track 01</a>
&nbsp;&nbsp;&nbsp;&nbsp;After Dark
<br clear=""all"" />
<a href=""http://drc.libraries.uc.edu/bitstream/handle/2374.UC/701909/Elliston_Allison_Funk_03-09-04_Track_02.mp3?sequence=6"">Track 02</a>
&nbsp;&nbsp;&nbsp;&nbsp;Sea Change
<br clear=""all"" />
<a href=""http://drc.libraries.uc.edu/bitstream/handle/2374.UC/701909/Elliston_Allison_Funk_03-09-04_Track_03.mp3?sequence=7"">Track 03</a>
&nbsp;&nbsp;&nbsp;&nbsp;The Knot Garden
<br clear=""all"" />
<a href=""http://drc.libraries.uc.edu/bitstream/handle/2374.UC/701909/Elliston_Allison_Funk_03-09-04_Track_04.mp3?sequence=8"">Track 04</a>
&nbsp;&nbsp;&nbsp;&nbsp;The Last Entry in the Escape Artist's Diary
<br clear=""all"" />
<a href=""http://drc.libraries.uc.edu/bitstream/handle/2374.UC/701909/Elliston_Allison_Funk_03-09-04_Track_05.mp3?sequence=9"">Track 05</a>
&nbsp;&nbsp;&nbsp;&nbsp;The Vanishing Lady Act
<br clear=""all"" />
<a href=""http://drc.libraries.uc.edu/bitstream/handle/2374.UC/701909/Elliston_Allison_Funk_03-09-04_Track_06.mp3?sequence=10"">Track 06</a>
&nbsp;&nbsp;&nbsp;&nbsp;The Tumbling Box
<br clear=""all"" />
<a href=""http://drc.libraries.uc.edu/bitstream/handle/2374.UC/701909/Elliston_Allison_Funk_03-09-04_Track_07.mp3?sequence=11"">Track 07</a>
&nbsp;&nbsp;&nbsp;&nbsp;Singing Descant
<br clear=""all"" />
<a href=""http://drc.libraries.uc.edu/bitstream/handle/2374.UC/701909/Elliston_Allison_Funk_03-09-04_Track_08.mp3?sequence=12"">Track 08</a>
&nbsp;&nbsp;&nbsp;&nbsp;Fallout
<br clear=""all"" />
<a href=""http://drc.libraries.uc.edu/bitstream/handle/2374.UC/701909/Elliston_Allison_Funk_03-09-04_Track_09.mp3?sequence=13"">Track 09</a>
&nbsp;&nbsp;&nbsp;&nbsp;History
<br clear=""all"" />
<a href=""http://drc.libraries.uc.edu/bitstream/handle/2374.UC/701909/Elliston_Allison_Funk_03-09-04_Track_10.mp3?sequence=14"">Track 10</a>
&nbsp;&nbsp;&nbsp;&nbsp;Ephemeroptera
<br clear=""all"" />
<a href=""http://drc.libraries.uc.edu/bitstream/handle/2374.UC/701909/Elliston_Allison_Funk_03-09-04_Track_11.mp3?sequence=15"">Track 11</a>
&nbsp;&nbsp;&nbsp;&nbsp;Little Bird
<br clear=""all"" />
<a href=""http://drc.libraries.uc.edu/bitstream/handle/2374.UC/701909/Elliston_Allison_Funk_03-09-04_Track_12.mp3?sequence=16"">Track 12</a>
&nbsp;&nbsp;&nbsp;&nbsp;Appearance at Dusk",,Digital Projects SAN: Folder and disc location for wav file: 20120514/Disc 1. Folder and disc location for mp3 file: 20120514/Disc 6/mp3s,Description on cassette : Allison Funk - Poetry Reading; 3/9/2004,,00:47:13,audio/mpeg,http://hdl.handle.net/2374.UC/701909,en_US,University of Cincinnati,University of Cincinnati. Elliston Poetry Room,University of Cincinnati. University of Cincinnati Libraries,The Elliston Project: Poetry Readings and Lectures at the University of Cincinnati,The Elliston Project : Poetry Readings,,,,http://creativecommons.org/licenses/by-nc-nd/3.0/us/,Attribution-NonCommercial-NoDerivs 3.0 United States,,,Poetry--21st century,"Funk, Allison, 1951-",,"Funk, Allison : poetry reading; March 9th, 2004","Recording, acoustical"
569208,2374.UC/695985,"Brown, Rosellen, 1939-||Walker, Alice, 1944-",,University of Cincinnati. Elliston Poetry Room,1980,1980-04-08,2012-04-20,2013-04-25,"<center>Contents:</center>
<br clear=""all""/>
<a href=""http://drc.libraries.uc.edu/bitstream/handle/2374.UC/701508/Elliston_Brown_Walker_04-08-80.mp3?sequence=1"">Panel Discussion</a>&nbsp;&nbsp;&nbsp;with Rosellen Brown and Alice Walker",,Digital Projects SAN: Folder and disc location for wav file: 20120420/Disc 5. Folder and disc location for mp3 file: 20120420/Disc 8/4-20-12 mp3s,Description on cassette : Alice Walker- Rosellen Brown Panel Fiction Festival; 4-8-80 Moderator: Amy Elder,,01:13:14,audio/mpeg,http://hdl.handle.net/2374.UC/701508,en_US,University of Cincinnati,University of Cincinnati. Elliston Poetry Room,University of Cincinnati. University of Cincinnati Libraries,The Elliston Project: Poetry Readings and Lectures at the University of Cincinnati,The Elliston Project : Discussions||Elliston Reading Series : Fiction Festivals,,,,http://creativecommons.org/licenses/by-nc-nd/3.0/us/,Attribution-NonCommercial-NoDerivs 3.0 United States,,,Fiction--20th century,"Brown, Rosellen, 1939-||Walker, Alice, 1944-",,"Brown, Rosellen and Alice Walker : panel discussion; April 8th, 1980","Recording, acoustical"
564371,2374.UC/695985,"Frost, Robert, 1874-1963",University of Cincinnati. Wilson Memorial Hall,,1954,1954-11-15,2012-02-22,1954-11-15,"<center>Contents:</center>
<br clear=""all""/>
<a href=""http://drc.libraries.uc.edu/bitstream/handle/2374.UC/696368/Elliston_Robert_Frost_11-15-54_A.mp3?sequence=6"">All tracks</a>&nbsp;&nbsp;&nbsp;Poetry reading [part I]
<br clear=""all""/>
<a href=""http://drc.libraries.uc.edu/bitstream/handle/2374.UC/696368/Elliston_Robert_Frost_11-15-54_B.mp3?sequence=7"">All tracks</a>&nbsp;&nbsp;&nbsp;Poetry reading [part II]
<br clear=""all"" />
<a href=""http://drc.libraries.uc.edu/bitstream/handle/2374.UC/696368/Elliston_Robert_Frost_11-15-54_A_Track_01.mp3?sequence=9"">Track 01</a>
&nbsp;&nbsp;&nbsp;&nbsp;Come In
<br clear=""all"" />
<a href=""http://drc.libraries.uc.edu/bitstream/handle/2374.UC/696368/Elliston_Robert_Frost_11-15-54_A_Track_02.mp3?sequence=10"">Track 02</a>
&nbsp;&nbsp;&nbsp;&nbsp;The Road Not Taken
<br clear=""all"" />
<a href=""http://drc.libraries.uc.edu/bitstream/handle/2374.UC/696368/Elliston_Robert_Frost_11-15-54_A_Track_03.mp3?sequence=11"">Track 03</a>
&nbsp;&nbsp;&nbsp;&nbsp;The Gift Outright
<br clear=""all"" />
<a href=""http://drc.libraries.uc.edu/bitstream/handle/2374.UC/696368/Elliston_Robert_Frost_11-15-54_B_Track_04.mp3?sequence=12"">Track 04</a>
&nbsp;&nbsp;&nbsp;&nbsp;Birches
<br clear=""all"" />
<a href=""http://drc.libraries.uc.edu/bitstream/handle/2374.UC/696368/Elliston_Robert_Frost_11-15-54_B_Track_05.mp3?sequence=13"">Track 05</a>
&nbsp;&nbsp;&nbsp;&nbsp;The Star-Splitter
<br clear=""all"" />
<a href=""http://drc.libraries.uc.edu/bitstream/handle/2374.UC/696368/Elliston_Robert_Frost_11-15-54_B_Track_06.mp3?sequence=14"">Track 06</a>
&nbsp;&nbsp;&nbsp;&nbsp;The Tuft of Flowers
<br clear=""all"" />
<a href=""http://drc.libraries.uc.edu/bitstream/handle/2374.UC/696368/Elliston_Robert_Frost_11-15-54_B_Track_07.mp3?sequence=15"">Track 07</a>
&nbsp;&nbsp;&nbsp;&nbsp;Why Wait for Science
<br clear=""all"" />
<a href=""http://drc.libraries.uc.edu/bitstream/handle/2374.UC/696368/Elliston_Robert_Frost_11-15-54_B_Track_08.mp3?sequence=16"">Track 08</a>
&nbsp;&nbsp;&nbsp;&nbsp;Etherealizing
<br clear=""all"" />
<a href=""http://drc.libraries.uc.edu/bitstream/handle/2374.UC/696368/Elliston_Robert_Frost_11-15-54_B_Track_09.mp3?sequence=17"">Track 09</a>
&nbsp;&nbsp;&nbsp;&nbsp;Provide, Provide
<br clear=""all"" />
<a href=""http://drc.libraries.uc.edu/bitstream/handle/2374.UC/696368/Elliston_Robert_Frost_11-15-54_B_Track_10.mp3?sequence=18"">Track 10</a>
&nbsp;&nbsp;&nbsp;&nbsp;The Hardship of Accounting
<br clear=""all"" />
<a href=""http://drc.libraries.uc.edu/bitstream/handle/2374.UC/696368/Elliston_Robert_Frost_11-15-54_B_Track_11.mp3?sequence=19"">Track 11</a>
&nbsp;&nbsp;&nbsp;&nbsp;The Secret Sits
<br clear=""all"" />
<a href=""http://drc.libraries.uc.edu/bitstream/handle/2374.UC/696368/Elliston_Robert_Frost_11-15-54_B_Track_12.mp3?sequence=20"">Track 12</a>
&nbsp;&nbsp;&nbsp;&nbsp;Departmental
<br clear=""all"" />
<a href=""http://drc.libraries.uc.edu/bitstream/handle/2374.UC/696368/Elliston_Robert_Frost_11-15-54_B_Track_13.mp3?sequence=21"">Track 13</a>
&nbsp;&nbsp;&nbsp;&nbsp;Stopping by Woods on a Snowy Evening
<br clear=""all"" />
<a href=""http://drc.libraries.uc.edu/bitstream/handle/2374.UC/696368/Elliston_Robert_Frost_11-15-54_B_Track_14.mp3?sequence=22"">Track 14</a>
&nbsp;&nbsp;&nbsp;&nbsp;Mending Wall",Original source recording on reel to reel tape.,Digital Projects SAN: Folder and disc location for wav file: 20120222/Box1/Disc 3. Folder and disc location for mp3 file: 20120222/Box1/Disc 5.,"Description inside box:  Frost, Robert, 1874-1963
Robert Frost reading his poems, with comments, at Wilson Memorial Hall, University of Cincinnati, Nov. 15, 1954.  With introductory remarks (about Frost and about the George Elliston Poetry Foundation)||Processing Notes from Digital Projects Department: Unexpected Gap occuring between 06:50 and 07:05",00:29:23,,audio/mpeg,http://hdl.handle.net/2374.UC/696368,en_US,University of Cincinnati,University of Cincinnati. Elliston Poetry Room,University of Cincinnati. University of Cincinnati Libraries,The Elliston Project: Poetry Readings and Lectures at the University of Cincinnati,The Elliston Project : Poetry Readings||Elliston Poets-in-Residence,,,,http://creativecommons.org/licenses/by-nc-nd/3.0/us/,Attribution-NonCommercial-NoDerivs 3.0 United States,,,Poetry--20th century,"Frost, Robert, 1874-1963",,"Frost, Robert : poetry reading; November 15, 1954","Recording, acoustical"
564373,2374.UC/695985,"Bertolino, James, 1942-",,University of Cincinnati. Elliston Poetry Room,1976,1976-04-06,2012-02-06,1976-04-06,"<center>Contents:</center>
<br clear=""all""/>
<a href=""http://drc.libraries.uc.edu/bitstream/handle/2374.UC/696370/Elliston_James_Bertolino_04-06-76.mp3?sequence=4"">All tracks</a>&nbsp;&nbsp;&nbsp;Poetry reading [complete]
<br clear=""all"" />
<a href=""http://drc.libraries.uc.edu/bitstream/handle/2374.UC/696370/Elliston_James_Bertolino_04-06-76_Track_01.mp3?sequence=5"">Track 01</a>
&nbsp;&nbsp;&nbsp;&nbsp;The Shovel
<br clear=""all"" />
<a href=""http://drc.libraries.uc.edu/bitstream/handle/2374.UC/696370/Elliston_James_Bertolino_04-06-76_Track_02.mp3?sequence=6"">Track 02</a>
&nbsp;&nbsp;&nbsp;&nbsp;Petroglyph: A Veneration
<br clear=""all"" />
<a href=""http://drc.libraries.uc.edu/bitstream/handle/2374.UC/696370/Elliston_James_Bertolino_04-06-76_Track_03.mp3?sequence=7"">Track 03</a>
&nbsp;&nbsp;&nbsp;&nbsp;The Release
<br clear=""all"" />
<a href=""http://drc.libraries.uc.edu/bitstream/handle/2374.UC/696370/Elliston_James_Bertolino_04-06-76_Track_04.mp3?sequence=8"">Track 04</a>
&nbsp;&nbsp;&nbsp;&nbsp;The Artificial Limbs Club
<br clear=""all"" />
<a href=""http://drc.libraries.uc.edu/bitstream/handle/2374.UC/696370/Elliston_James_Bertolino_04-06-76_Track_05.mp3?sequence=9"">Track 05</a>
&nbsp;&nbsp;&nbsp;&nbsp;The Pleasure
<br clear=""all"" />
<a href=""http://drc.libraries.uc.edu/bitstream/handle/2374.UC/696370/Elliston_James_Bertolino_04-06-76_Track_06.mp3?sequence=10"">Track 06</a>
&nbsp;&nbsp;&nbsp;&nbsp;Around the Blue Spruce
<br clear=""all"" />
<a href=""http://drc.libraries.uc.edu/bitstream/handle/2374.UC/696370/Elliston_James_Bertolino_04-06-76_Track_07.mp3?sequence=11"">Track 07</a>
&nbsp;&nbsp;&nbsp;&nbsp;The Vegetables
<br clear=""all"" />
<a href=""http://drc.libraries.uc.edu/bitstream/handle/2374.UC/696370/Elliston_James_Bertolino_04-06-76_Track_08.mp3?sequence=12"">Track 08</a>
&nbsp;&nbsp;&nbsp;&nbsp;The Stadium
<br clear=""all"" />
<a href=""http://drc.libraries.uc.edu/bitstream/handle/2374.UC/696370/Elliston_James_Bertolino_04-06-76_Track_09.mp3?sequence=13"">Track 09</a>
&nbsp;&nbsp;&nbsp;&nbsp;The Library
<br clear=""all"" />
<a href=""http://drc.libraries.uc.edu/bitstream/handle/2374.UC/696370/Elliston_James_Bertolino_04-06-76_Track_10.mp3?sequence=14"">Track 10</a>
&nbsp;&nbsp;&nbsp;&nbsp;The Cathedral
<br clear=""all"" />
<a href=""http://drc.libraries.uc.edu/bitstream/handle/2374.UC/696370/Elliston_James_Bertolino_04-06-76_Track_11.mp3?sequence=15"">Track 11</a>
&nbsp;&nbsp;&nbsp;&nbsp;The Blood Vision
<br clear=""all"" />
<a href=""http://drc.libraries.uc.edu/bitstream/handle/2374.UC/696370/Elliston_James_Bertolino_04-06-76_Track_12.mp3?sequence=16"">Track 12</a>
&nbsp;&nbsp;&nbsp;&nbsp;The Gulls
<br clear=""all"" />
<a href=""http://drc.libraries.uc.edu/bitstream/handle/2374.UC/696370/Elliston_James_Bertolino_04-06-76_Track_13.mp3?sequence=17"">Track 13</a>
&nbsp;&nbsp;&nbsp;&nbsp;The Coons
<br clear=""all"" />
<a href=""http://drc.libraries.uc.edu/bitstream/handle/2374.UC/696370/Elliston_James_Bertolino_04-06-76_Track_14.mp3?sequence=18"">Track 14</a>
&nbsp;&nbsp;&nbsp;&nbsp;The Spoon
<br clear=""all"" />
<a href=""http://drc.libraries.uc.edu/bitstream/handle/2374.UC/696370/Elliston_James_Bertolino_04-06-76_Track_15.mp3?sequence=19"">Track 15</a>
&nbsp;&nbsp;&nbsp;&nbsp;The Balancing
<br clear=""all"" />
<a href=""http://drc.libraries.uc.edu/bitstream/handle/2374.UC/696370/Elliston_James_Bertolino_04-06-76_Track_16.mp3?sequence=20"">Track 16</a>
&nbsp;&nbsp;&nbsp;&nbsp;The Adequacy
<br clear=""all"" />
<a href=""http://drc.libraries.uc.edu/bitstream/handle/2374.UC/696370/Elliston_James_Bertolino_04-06-76_Track_17.mp3?sequence=21"">Track 17</a>
&nbsp;&nbsp;&nbsp;&nbsp;A Mother's Song
<br clear=""all"" />
<a href=""http://drc.libraries.uc.edu/bitstream/handle/2374.UC/696370/Elliston_James_Bertolino_04-06-76_Track_18.mp3?sequence=22"">Track 18</a>
&nbsp;&nbsp;&nbsp;&nbsp;The Red Dress",,Digital Projects SAN: Folder and disc location for wav file: 20120206/BOX1/Disc 1. Folder and disc location for mp3 file: 20120206/BOX1/Disc 3/mp3s box 1.,"Description found on Reel Box: Heads Up; Ends with I.D.; Stereo
Note:  occasional drop-outs and/or sound problems in  left channel.",,00:30:50,audio/mpeg,http://hdl.handle.net/2374.UC/696370,en_US,University of Cincinnati,University of Cincinnati. Elliston Poetry Room,University of Cincinnati. University of Cincinnati Libraries,The Elliston Project: Poetry Readings and Lectures at the University of Cincinnati,The Elliston Project : Interviews||The Elliston Project : Poetry Readings,Elliston Reading Series : Corner Poets,,,http://creativecommons.org/licenses/by-nc-nd/3.0/us/,Attribution-NonCommercial-NoDerivs 3.0 United States,,,Poetry--20th century,"Bertolino, James, 1942-",,"Bertolino, James : interview and poetry reading : Corner Poets #1; April 6th, 1976","Recording, acoustical"
564374,2374.UC/695985,"Weissmann, David",,University of Cincinnati. Elliston Poetry Room,1976,1976-04-20,2012-02-06,1976-04-20,,,Digital Projects SAN: Folder and disc location for wav file: 20120206/BOX1/Disc 1. Folder and disc location for mp3 file: 20120206/BOX1/Disc 3/mp3s box 1,"Description on Reel Box: Stereo; Heads Up; for broadcast on 4/20/76 
Please wind tails out - store it this way",,00:30:19,audio/mpeg,http://hdl.handle.net/2374.UC/696371,en_US,University of Cincinnati,University of Cincinnati. Elliston Poetry Room,University of Cincinnati. University of Cincinnati Libraries,The Elliston Project: Poetry Readings and Lectures at the University of Cincinnati,The Elliston Project : Poetry Readings||The Elliston Project : Interviews,Elliston Reading Series : Corner Poets,,,http://creativecommons.org/licenses/by-nc-nd/3.0/us/,Attribution-NonCommercial-NoDerivs 3.0 United States,,,Poetry--20th century,"Weissmann, David",,"Weissmann, David : interview and poetry reading : Corner Poets #3; April 20, 1976","Recording, acoustical"
564375,2374.UC/695985,"Darwish, Joe",,University of Cincinnati. Elliston Poetry Room,1976,1976-07-20,2012-02-06,1976-07-20,"<center>Contents:</center>
<br clear=""all""/>
<a href=""http://drc.libraries.uc.edu/bitstream/handle/2374.UC/696692/Elliston_Joe_Darwish_07-20-76.mp3?sequence=6"">All tracks</a>&nbsp;&nbsp;&nbsp;Poetry reading [complete]
<br clear=""all"" />
<a href=""http://drc.libraries.uc.edu/bitstream/handle/2374.UC/696692/Elliston_Joe_Darwish_07-20-76_Track_01.mp3?sequence=7"">Track 01</a>
&nbsp;&nbsp;&nbsp;&nbsp;Pausing at the Border
<br clear=""all"" />
<a href=""http://drc.libraries.uc.edu/bitstream/handle/2374.UC/696692/Elliston_Joe_Darwish_07-20-76_Track_02.mp3?sequence=8"">Track 02</a>
&nbsp;&nbsp;&nbsp;&nbsp;For Amusement Only
<br clear=""all"" />
<a href=""http://drc.libraries.uc.edu/bitstream/handle/2374.UC/696692/Elliston_Joe_Darwish_07-20-76_Track_03.mp3?sequence=9"">Track 03</a>
&nbsp;&nbsp;&nbsp;&nbsp;Closing the Bar
<br clear=""all"" />
<a href=""http://drc.libraries.uc.edu/bitstream/handle/2374.UC/696692/Elliston_Joe_Darwish_07-20-76_Track_04.mp3?sequence=10"">Track 04</a>
&nbsp;&nbsp;&nbsp;&nbsp;Losing My Pens
<br clear=""all"" />
<a href=""http://drc.libraries.uc.edu/bitstream/handle/2374.UC/696692/Elliston_Joe_Darwish_07-20-76_Track_05.mp3?sequence=11"">Track 05</a>
&nbsp;&nbsp;&nbsp;&nbsp;Sundance
<br clear=""all"" />
<a href=""http://drc.libraries.uc.edu/bitstream/handle/2374.UC/696692/Elliston_Joe_Darwish_07-20-76_Track_06.mp3?sequence=12"">Track 06</a>
&nbsp;&nbsp;&nbsp;&nbsp;Pacifier
<br clear=""all"" />
<a href=""http://drc.libraries.uc.edu/bitstream/handle/2374.UC/696692/Elliston_Joe_Darwish_07-20-76_Track_07.mp3?sequence=13"">Track 07</a>
&nbsp;&nbsp;&nbsp;&nbsp;Father
<br clear=""all"" />
<a href=""http://drc.libraries.uc.edu/bitstream/handle/2374.UC/696692/Elliston_Joe_Darwish_07-20-76_Track_08.mp3?sequence=14"">Track 08</a>
&nbsp;&nbsp;&nbsp;&nbsp;In Your Shade
<br clear=""all"" />
<a href=""http://drc.libraries.uc.edu/bitstream/handle/2374.UC/696692/Elliston_Joe_Darwish_07-20-76_Track_09.mp3?sequence=15"">Track 09</a>
&nbsp;&nbsp;&nbsp;&nbsp;Almost in Shade
<br clear=""all"" />
<a href=""http://drc.libraries.uc.edu/bitstream/handle/2374.UC/696692/Elliston_Joe_Darwish_07-20-76_Track_10.mp3?sequence=16"">Track 10</a>
&nbsp;&nbsp;&nbsp;&nbsp;At My Doctor's Office
<br clear=""all"" />
<a href=""http://drc.libraries.uc.edu/bitstream/handle/2374.UC/696692/Elliston_Joe_Darwish_07-20-76_Track_11.mp3?sequence=17"">Track 11</a>
&nbsp;&nbsp;&nbsp;&nbsp;Sub-Zero December Night Downtown
<br clear=""all"" />
<a href=""http://drc.libraries.uc.edu/bitstream/handle/2374.UC/696692/Elliston_Joe_Darwish_07-20-76_Track_12.mp3?sequence=18"">Track 12</a>
&nbsp;&nbsp;&nbsp;&nbsp;Blue at Betty Alley's Bash
<br clear=""all"" />
<a href=""http://drc.libraries.uc.edu/bitstream/handle/2374.UC/696692/Elliston_Joe_Darwish_07-20-76_Track_13.mp3?sequence=19"">Track 13</a>
&nbsp;&nbsp;&nbsp;&nbsp;Drunk Before Noon
<br clear=""all"" />
<a href=""http://drc.libraries.uc.edu/bitstream/handle/2374.UC/696692/Elliston_Joe_Darwish_07-20-76_Track_14.mp3?sequence=20"">Track 14</a>
&nbsp;&nbsp;&nbsp;&nbsp;Late Summer
<br clear=""all"" />
<a href=""http://drc.libraries.uc.edu/bitstream/handle/2374.UC/696692/Elliston_Joe_Darwish_07-20-76_Track_15.mp3?sequence=21"">Track 15</a>
&nbsp;&nbsp;&nbsp;&nbsp;Standing in Line
<br clear=""all"" />
<a href=""http://drc.libraries.uc.edu/bitstream/handle/2374.UC/696692/Elliston_Joe_Darwish_07-20-76_Track_16.mp3?sequence=22"">Track 16</a>
&nbsp;&nbsp;&nbsp;&nbsp;On the Bus
<br clear=""all"" />
<a href=""http://drc.libraries.uc.edu/bitstream/handle/2374.UC/696692/Elliston_Joe_Darwish_07-20-76_Track_17.mp3?sequence=23"">Track 17</a>
&nbsp;&nbsp;&nbsp;&nbsp;Tonight I was a Singer Who Could Not Sing
<br clear=""all"" />
<a href=""http://drc.libraries.uc.edu/bitstream/handle/2374.UC/696692/Elliston_Joe_Darwish_07-20-76_Track_18.mp3?sequence=24"">Track 18</a>
&nbsp;&nbsp;&nbsp;&nbsp;The Appetizer is Surrounded
<br clear=""all"" />
<a href=""http://drc.libraries.uc.edu/bitstream/handle/2374.UC/696692/Elliston_Joe_Darwish_07-20-76_Track_19.mp3?sequence=25"">Track 19</a>
&nbsp;&nbsp;&nbsp;&nbsp;Tuesday",,Digital Projects SAN: Folder and disc location for wav file: 20120206/BOX1/Disc 1. Folder and disc location for mp3 file: 20120206/BOX1/Disc 3/mp3s box 1,"Description on Reel Box: O.Q.: theme music fades out; heads up, but please store tails out",,00:31:00,audio/mpeg,http://hdl.handle.net/2374.UC/696692,en_US,University of Cincinnati,University of Cincinnati. Elliston Poetry Room,University of Cincinnati. University of Cincinnati Libraries,The Elliston Project: Poetry Readings and Lectures at the University of Cincinnati,The Elliston Project : Poetry Readings||The Elliston Project : Interviews,Elliston Reading Series : Corner Poets,,,http://creativecommons.org/licenses/by-nc-nd/3.0/us/,Attribution-NonCommercial-NoDerivs 3.0 United States,,,Poetry--20th century,"Darwish, Joe",,"Darwish, Joe : interview and poetry reading : Corner Poets #16; July 20th, 1976","Recording, acoustical"
564376,2374.UC/695985,"Bryant, James, 1934-",,University of Cincinnati. Elliston Poetry Room,1976,1976-07-27,2012-02-06,1976-07-27,"<center>Contents:</center>
<br clear=""all""/>
<a href=""http://drc.libraries.uc.edu/bitstream/handle/2374.UC/696693/Elliston_James_Bryant_07_27_76.mp3?sequence=6"">All tracks</a>&nbsp;&nbsp;&nbsp;Poetry reading [complete]
<br clear=""all"" />
<a href=""http://drc.libraries.uc.edu/bitstream/handle/2374.UC/696693/Elliston_James_Bryant_07_27_76_Track_01.mp3?sequence=7"">Track 01</a>
&nbsp;&nbsp;&nbsp;&nbsp;Movement
<br clear=""all"" />
<a href=""http://drc.libraries.uc.edu/bitstream/handle/2374.UC/696693/Elliston_James_Bryant_07_27_76_Track_02.mp3?sequence=8"">Track 02</a>
&nbsp;&nbsp;&nbsp;&nbsp;X
<br clear=""all"" />
<a href=""http://drc.libraries.uc.edu/bitstream/handle/2374.UC/696693/Elliston_James_Bryant_07_27_76_Track_03.mp3?sequence=9"">Track 03</a>
&nbsp;&nbsp;&nbsp;&nbsp;Mountain Journey
<br clear=""all"" />
<a href=""http://drc.libraries.uc.edu/bitstream/handle/2374.UC/696693/Elliston_James_Bryant_07_27_76_Track_04.mp3?sequence=10"">Track 04</a>
&nbsp;&nbsp;&nbsp;&nbsp;Continuum
<br clear=""all"" />
<a href=""http://drc.libraries.uc.edu/bitstream/handle/2374.UC/696693/Elliston_James_Bryant_07_27_76_Track_05.mp3?sequence=11"">Track 05</a>
&nbsp;&nbsp;&nbsp;&nbsp;The Age
<br clear=""all"" />
<a href=""http://drc.libraries.uc.edu/bitstream/handle/2374.UC/696693/Elliston_James_Bryant_07_27_76_Track_06.mp3?sequence=12"">Track 06</a>
&nbsp;&nbsp;&nbsp;&nbsp;Yakamee
<br clear=""all"" />
<a href=""http://drc.libraries.uc.edu/bitstream/handle/2374.UC/696693/Elliston_James_Bryant_07_27_76_Track_07.mp3?sequence=13"">Track 07</a>
&nbsp;&nbsp;&nbsp;&nbsp;Reds - 3, Visitors - 4
<br clear=""all"" />
<a href=""http://drc.libraries.uc.edu/bitstream/handle/2374.UC/696693/Elliston_James_Bryant_07_27_76_Track_08.mp3?sequence=14"">Track 08</a>
&nbsp;&nbsp;&nbsp;&nbsp;I read your hieroglyphs
<br clear=""all"" />
<a href=""http://drc.libraries.uc.edu/bitstream/handle/2374.UC/696693/Elliston_James_Bryant_07_27_76_Track_09.mp3?sequence=15"">Track 09</a>
&nbsp;&nbsp;&nbsp;&nbsp;Place my palm on the orb
<br clear=""all"" />
<a href=""http://drc.libraries.uc.edu/bitstream/handle/2374.UC/696693/Elliston_James_Bryant_07_27_76_Track_10.mp3?sequence=16"">Track 10</a>
&nbsp;&nbsp;&nbsp;&nbsp;He is twenty-two
<br clear=""all"" />
<a href=""http://drc.libraries.uc.edu/bitstream/handle/2374.UC/696693/Elliston_James_Bryant_07_27_76_Track_11.mp3?sequence=17"">Track 11</a>
&nbsp;&nbsp;&nbsp;&nbsp;Your mirrors have fallen
<br clear=""all"" />
<a href=""http://drc.libraries.uc.edu/bitstream/handle/2374.UC/696693/Elliston_James_Bryant_07_27_76_Track_12.mp3?sequence=18"">Track 12</a>
&nbsp;&nbsp;&nbsp;&nbsp;You have not realized
<br clear=""all"" />
<a href=""http://drc.libraries.uc.edu/bitstream/handle/2374.UC/696693/Elliston_James_Bryant_07_27_76_Track_13.mp3?sequence=19"">Track 13</a>
&nbsp;&nbsp;&nbsp;&nbsp;Home
<br clear=""all"" />
<a href=""http://drc.libraries.uc.edu/bitstream/handle/2374.UC/696693/Elliston_James_Bryant_07_27_76_Track_14.mp3?sequence=20"">Track 14</a>
&nbsp;&nbsp;&nbsp;&nbsp;The gardenias got milkwater prescription
<br clear=""all"" />
<a href=""http://drc.libraries.uc.edu/bitstream/handle/2374.UC/696693/Elliston_James_Bryant_07_27_76_Track_15.mp3?sequence=21"">Track 15</a>
&nbsp;&nbsp;&nbsp;&nbsp;Episode of the Affair
<br clear=""all"" />
<a href=""http://drc.libraries.uc.edu/bitstream/handle/2374.UC/696693/Elliston_James_Bryant_07_27_76_Track_16.mp3?sequence=22"">Track 16</a>
&nbsp;&nbsp;&nbsp;&nbsp;Scene in Which the Hero is Entranced
<br clear=""all"" />
<a href=""http://drc.libraries.uc.edu/bitstream/handle/2374.UC/696693/Elliston_James_Bryant_07_27_76_Track_17.mp3?sequence=23"">Track 17</a>
&nbsp;&nbsp;&nbsp;&nbsp;The roots trip you
<br clear=""all"" />
<a href=""http://drc.libraries.uc.edu/bitstream/handle/2374.UC/696693/Elliston_James_Bryant_07_27_76_Track_18.mp3?sequence=24"">Track 18</a>
&nbsp;&nbsp;&nbsp;&nbsp;In this land
<br clear=""all"" />
<a href=""http://drc.libraries.uc.edu/bitstream/handle/2374.UC/696693/Elliston_James_Bryant_07_27_76_Track_19.mp3?sequence=25"">Track 19</a>
&nbsp;&nbsp;&nbsp;&nbsp;Now feel it
<br clear=""all"" />
<a href=""http://drc.libraries.uc.edu/bitstream/handle/2374.UC/696693/Elliston_James_Bryant_07_27_76_Track_20.mp3?sequence=26"">Track 20</a>
&nbsp;&nbsp;&nbsp;&nbsp;Anticipate
<br clear=""all"" />
<a href=""http://drc.libraries.uc.edu/bitstream/handle/2374.UC/696693/Elliston_James_Bryant_07_27_76_Track_21.mp3?sequence=27"">Track 21</a>
&nbsp;&nbsp;&nbsp;&nbsp;Activate and Relate",,Digital Projects SAN: Folder and disc location for wav file: 20120206/BOX1/Disc 1. Folder and disc location for mp3 file: 20120206/BOX1/Disc 3/mp3s box 1,"Description on Reel Box: Air 7-27-76, 7:30am
Heads up; Mono; Note - please store tails out.",,00:27:55,audio/mpeg,http://hdl.handle.net/2374.UC/696693,en_US,University of Cincinnati,University of Cincinnati. Elliston Poetry Room,University of Cincinnati. University of Cincinnati Libraries,The Elliston Project: Poetry Readings and Lectures at the University of Cincinnati,The Elliston Project : Poetry Readings||The Elliston Project : Interviews||The Elliston Project : Poetry Readings||The Elliston Project : Interviews,Elliston Reading Series : Corner Poets,,,http://creativecommons.org/licenses/by-nc-nd/3.0/us/,Attribution-NonCommercial-NoDerivs 3.0 United States,,,Poetry--20th century,"Bryant, James, 1934-",,"Bryant, James : interview and poetry reading : Corner Poets #17; July 27th, 1976","Recording, acoustical"
564378,2374.UC/695985,"Riordan, Timothy M.",,University of Cincinnati. Elliston Poetry Room,1976,1976-12-07,2012-02-06,1976-12-07,"<center>Contents:</center>
<br clear=""all""/>
<a href=""https://drc.libraries.uc.edu/bitstream/handle/2374.UC/696695/Elliston_Tim_Riordin_12-07-76.mp3?sequence=6"">All tracks</a>&nbsp;&nbsp;&nbsp;Poetry reading [complete]
<br clear=""all"" />
<a href=""https://drc.libraries.uc.edu/bitstream/handle/2374.UC/696695/Elliston_Tim_Riordin_12-07-76_Track_01.mp3?sequence=7"">Track 01</a>
&nbsp;&nbsp;&nbsp;&nbsp;On Tolerance
<br clear=""all"" />
<a href=""https://drc.libraries.uc.edu/bitstream/handle/2374.UC/696695/Elliston_Tim_Riordin_12-07-76_Track_02.mp3?sequence=9"">Track 02</a>
&nbsp;&nbsp;&nbsp;&nbsp;The Liberation from the Body
<br clear=""all"" />
<a href=""https://drc.libraries.uc.edu/bitstream/handle/2374.UC/696695/Elliston_Tim_Riordin_12-07-76_Track_03.mp3?sequence=8"">Track 03</a>
&nbsp;&nbsp;&nbsp;&nbsp;Living Water
<br clear=""all"" />
<a href=""https://drc.libraries.uc.edu/bitstream/handle/2374.UC/696695/Elliston_Tim_Riordin_12-07-76_Track_04.mp3?sequence=10"">Track 04</a>
&nbsp;&nbsp;&nbsp;&nbsp;Architect and Archetype
<br clear=""all"" />
<a href=""https://drc.libraries.uc.edu/bitstream/handle/2374.UC/696695/Elliston_Tim_Riordin_12-07-76_Track_05.mp3?sequence=11"">Track 05</a>
&nbsp;&nbsp;&nbsp;&nbsp;Pilgrims
<br clear=""all"" />
<a href=""https://drc.libraries.uc.edu/bitstream/handle/2374.UC/696695/Elliston_Tim_Riordin_12-07-76_Track_06.mp3?sequence=12"">Track 06</a>
&nbsp;&nbsp;&nbsp;&nbsp;Dragons
<br clear=""all"" />
<a href=""https://drc.libraries.uc.edu/bitstream/handle/2374.UC/696695/Elliston_Tim_Riordin_12-07-76_Track_07.mp3?sequence=13"">Track 07</a>
&nbsp;&nbsp;&nbsp;&nbsp;Guilds
<br clear=""all"" />
<a href=""https://drc.libraries.uc.edu/bitstream/handle/2374.UC/696695/Elliston_Tim_Riordin_12-07-76_Track_08.mp3?sequence=14"">Track 08</a>
&nbsp;&nbsp;&nbsp;&nbsp;Highway Robbery
<br clear=""all"" />
<a href=""https://drc.libraries.uc.edu/bitstream/handle/2374.UC/696695/Elliston_Tim_Riordin_12-07-76_Track_09.mp3?sequence=15"">Track 09</a>
&nbsp;&nbsp;&nbsp;&nbsp;Man from Glad
<br clear=""all"" />
<a href=""https://drc.libraries.uc.edu/bitstream/handle/2374.UC/696695/Elliston_Tim_Riordin_12-07-76_Track_10.mp3?sequence=16"">Track 10</a>
&nbsp;&nbsp;&nbsp;&nbsp;Freud
<br clear=""all"" />
<a href=""https://drc.libraries.uc.edu/bitstream/handle/2374.UC/696695/Elliston_Tim_Riordin_12-07-76_Track_11.mp3?sequence=17"">Track 11</a>
&nbsp;&nbsp;&nbsp;&nbsp;Thank You Milton",,Digital Projects SAN: Folder and disc location for wav file: 20120206/BOX1/Disc 2. Folder and disc location for mp3 file: 20120206/BOX1/Disc 3/mp3s box 1,Description on reel box: For air 12/7/76; Mono; Heads up; OQ: theme music ends; Heads up; Please store tails out,,00:29:27,audio/mpeg,http://hdl.handle.net/2374.UC/696695,en_US,University of Cincinnati,University of Cincinnati. Elliston Poetry Room,University of Cincinnati. University of Cincinnati Libraries,The Elliston Project: Poetry Readings and Lectures at the University of Cincinnati,The Elliston Project : Poetry Readings||The Elliston Project : Interviews,Elliston Reading Series : Corner Poets,,,http://creativecommons.org/licenses/by-nc-nd/3.0/us/,Attribution-NonCommercial-NoDerivs 3.0 United States,,,Poetry--20th century,"Riordan, Timothy M.",,"Riordan, Timothy M. : poetry reading : Corner Poets #36; December 7th, 1976","Recording, acoustical"
564379,2374.UC/695985,"Bronk, William, 1918-1999",,University of Cincinnati. Elliston Poetry Room,1984,1984-02-08,2012-03-29,1984-02-08,"<center>Contents:</center>
<br clear=""all""/>
<a href=""http://drc.libraries.uc.edu/bitstream/handle/2374.UC/696696/Elliston_William_Bronk_02-08-84.mp3?sequence=6"">Discussion</a>&nbsp;&nbsp;&nbsp;with William Bronk",,Digital Projects SAN: Folder and disc location for wav file: 20120329/Disc 7. Folder and disc location for mp3 file: 20120329/Disc 8,"Descripton on Cassette: William Bronk - Discussion
Moderator:  Norman Finkelstein
February 8, 1984",,01:14:22,audio/mpeg,http://hdl.handle.net/2374.UC/696696,en_US,University of Cincinnati,University of Cincinnati. Elliston Poetry Room,University of Cincinnati. University of Cincinnati Libraries,The Elliston Project: Poetry Readings and Lectures at the University of Cincinnati,The Elliston Project : Discussions,,,,http://creativecommons.org/licenses/by-nc-nd/3.0/us/,Attribution-NonCommercial-NoDerivs 3.0 United States,,,Poetry--20th century,"Bronk, William, 1918-1999",,"Bronk, William : discussion; February 8th, 1984","Recording, acoustical"
564382,2374.UC/695985,"Levine, Philip, 1928-",University of Cincinnati. Tangeman University Center,,1976,1976-11-17,2012-02-22,1976-11-17,"<center>Contents:</center>
<br clear=""all""/>
<a href=""http://drc.libraries.uc.edu/bitstream/handle/2374.UC/696699/Elliston_Philip_Levine_11-17-76.mp3?sequence=6"">All tracks</a>&nbsp;&nbsp;&nbsp;Poetry reading [complete]
<br clear=""all"" />
<a href=""http://drc.libraries.uc.edu/bitstream/handle/2374.UC/696699/Elliston_Philip_Levine_11-17-76_Track_01.mp3?sequence=8"">Track 01</a>
&nbsp;&nbsp;&nbsp;&nbsp;reading Pedro Salinas' ""One day I hammered""
<br clear=""all"" />
<a href=""http://drc.libraries.uc.edu/bitstream/handle/2374.UC/696699/Elliston_Philip_Levine_11-17-76_Track_02.mp3?sequence=9"">Track 02</a>
&nbsp;&nbsp;&nbsp;&nbsp;reading Pedro Salinas' ""How many times have I looked""
<br clear=""all"" />
<a href=""http://drc.libraries.uc.edu/bitstream/handle/2374.UC/696699/Elliston_Philip_Levine_11-17-76_Track_03.mp3?sequence=10"">Track 03</a>
&nbsp;&nbsp;&nbsp;&nbsp;reading Pedro Salinas' ""October night""
<br clear=""all"" />
<a href=""http://drc.libraries.uc.edu/bitstream/handle/2374.UC/696699/Elliston_Philip_Levine_11-17-76_Track_04.mp3?sequence=11"">Track 04</a>
&nbsp;&nbsp;&nbsp;&nbsp;reading Pedro Salinas' ""Great cradle of the world""
<br clear=""all"" />
<a href=""http://drc.libraries.uc.edu/bitstream/handle/2374.UC/696699/Elliston_Philip_Levine_11-17-76_Track_05.mp3?sequence=12"">Track 05</a>
&nbsp;&nbsp;&nbsp;&nbsp;reading Pedro Salinas' ""The child calls""
<br clear=""all"" />
<a href=""http://drc.libraries.uc.edu/bitstream/handle/2374.UC/696699/Elliston_Philip_Levine_11-17-76_Track_06.mp3?sequence=13"">Track 06</a>
&nbsp;&nbsp;&nbsp;&nbsp;reading Gloria Fuertes' ""Birds Nest""
<br clear=""all"" />
<a href=""http://drc.libraries.uc.edu/bitstream/handle/2374.UC/696699/Elliston_Philip_Levine_11-17-76_Track_07.mp3?sequence=14"">Track 07</a>
&nbsp;&nbsp;&nbsp;&nbsp;reading Gloria Fuertes' ""You'll Have Your Land""
<br clear=""all"" />
<a href=""http://drc.libraries.uc.edu/bitstream/handle/2374.UC/696699/Elliston_Philip_Levine_11-17-76_Track_08.mp3?sequence=15"">Track 08</a>
&nbsp;&nbsp;&nbsp;&nbsp;reading Gloria Fuertes' ""I was born""
<br clear=""all"" />
<a href=""http://drc.libraries.uc.edu/bitstream/handle/2374.UC/696699/Elliston_Philip_Levine_11-17-76_Track_09.mp3?sequence=16"">Track 09</a>
&nbsp;&nbsp;&nbsp;&nbsp;reading Gloria Fuertes' ""Autobiography""
<br clear=""all"" />
<a href=""http://drc.libraries.uc.edu/bitstream/handle/2374.UC/696699/Elliston_Philip_Levine_11-17-76_Track_10.mp3?sequence=17"">Track 10</a>
&nbsp;&nbsp;&nbsp;&nbsp;reading Gloria Fuertes' ""The Skinny Women""
<br clear=""all"" />
<a href=""http://drc.libraries.uc.edu/bitstream/handle/2374.UC/696699/Elliston_Philip_Levine_11-17-76_Track_11.mp3?sequence=18"">Track 11</a>
&nbsp;&nbsp;&nbsp;&nbsp;reading Gloria Fuertes' ""I've Slept""
<br clear=""all"" />
<a href=""http://drc.libraries.uc.edu/bitstream/handle/2374.UC/696699/Elliston_Philip_Levine_11-17-76_Track_12.mp3?sequence=19"">Track 12</a>
&nbsp;&nbsp;&nbsp;&nbsp;reading Gloria Fuertes' ""Painted Windows""
<br clear=""all"" />
<a href=""http://drc.libraries.uc.edu/bitstream/handle/2374.UC/696699/Elliston_Philip_Levine_11-17-76_Track_13.mp3?sequence=20"">Track 13</a>
&nbsp;&nbsp;&nbsp;&nbsp;reading Gloria Fuertes' ""Plastic Virgin""
<br clear=""all"" />
<a href=""http://drc.libraries.uc.edu/bitstream/handle/2374.UC/696699/Elliston_Philip_Levine_11-17-76_Track_14.mp3?sequence=21"">Track 14</a>
&nbsp;&nbsp;&nbsp;&nbsp;reading Jaime Sabines' ""Tarumba""
<br clear=""all"" />
<a href=""http://drc.libraries.uc.edu/bitstream/handle/2374.UC/696699/Elliston_Philip_Levine_11-17-76_Track_15.mp3?sequence=22"">Track 15</a>
&nbsp;&nbsp;&nbsp;&nbsp;reading Jaime Sabines' ""Yeah, Tarumba""
<br clear=""all"" />
<a href=""http://drc.libraries.uc.edu/bitstream/handle/2374.UC/696699/Elliston_Philip_Levine_11-17-76_Track_16.mp3?sequence=23"">Track 16</a>
&nbsp;&nbsp;&nbsp;&nbsp;reading Jaime Sabines' ""The first rain of the year""
<br clear=""all"" />
<a href=""http://drc.libraries.uc.edu/bitstream/handle/2374.UC/696699/Elliston_Philip_Levine_11-17-76_Track_17.mp3?sequence=24"">Track 17</a>
&nbsp;&nbsp;&nbsp;&nbsp;reading Jaime Sabines' ""What a deliberate madness""
<br clear=""all"" />
<a href=""http://drc.libraries.uc.edu/bitstream/handle/2374.UC/696699/Elliston_Philip_Levine_11-17-76_Track_18.mp3?sequence=25"">Track 18</a>
&nbsp;&nbsp;&nbsp;&nbsp;reading Jaime Sabines' ""In the House of the Day""
<br clear=""all"" />
<a href=""http://drc.libraries.uc.edu/bitstream/handle/2374.UC/696699/Elliston_Philip_Levine_11-17-76_Track_19.mp3?sequence=26"">Track 19</a>
&nbsp;&nbsp;&nbsp;&nbsp;reading Jaime Sabines' ""I put a head on your shoulders""
<br clear=""all"" />
<a href=""http://drc.libraries.uc.edu/bitstream/handle/2374.UC/696699/Elliston_Philip_Levine_11-17-76_Track_20.mp3?sequence=27"">Track 20</a>
&nbsp;&nbsp;&nbsp;&nbsp;reading Jaime Sabines' ""So Here We Are""
<br clear=""all"" />
<a href=""http://drc.libraries.uc.edu/bitstream/handle/2374.UC/696699/Elliston_Philip_Levine_11-17-76_Track_21.mp3?sequence=28"">Track 21</a>
&nbsp;&nbsp;&nbsp;&nbsp;reading Jaime Sabines' ""Something on the Death of the Eldest Sabines""
<br clear=""all"" />
<a href=""http://drc.libraries.uc.edu/bitstream/handle/2374.UC/696699/Elliston_Philip_Levine_11-17-76_Track_22.mp3?sequence=29"">Track 22</a>
&nbsp;&nbsp;&nbsp;&nbsp;reading from Miguel Hernndez' ""This Air I Breathe""
<br clear=""all"" />
<a href=""http://drc.libraries.uc.edu/bitstream/handle/2374.UC/696699/Elliston_Philip_Levine_11-17-76_Track_23.mp3?sequence=30"">Track 23</a>
&nbsp;&nbsp;&nbsp;&nbsp;reading Miguel Hernndez' ""The Wounded""
<br clear=""all"" />
<a href=""http://drc.libraries.uc.edu/bitstream/handle/2374.UC/696699/Elliston_Philip_Levine_11-17-76_Track_24.mp3?sequence=31"">Track 24</a>
&nbsp;&nbsp;&nbsp;&nbsp;reading Miguel Hernndez' ""Lullabies of the Onion""",,"Digital Projects SAN: Folder and disc location for wav file: 20120222/Box2/Disc 3. Folder and disc location for mp3 file: 20120222/Box2/Disc 6.||Paper notes found inside of box with tape reel: Name of speaker(s):  Philip Levine;  Title of Presentation:  Reading from Translations; Date:  17 Nov. 78 @ 8:00;  Location: 401-A TUC 
Duration of presentation (if event breaks naturally into segments, e.g. lecture--please give timings of segments:  Start 8:10; 8:13 - Phil Starts; 8:18 - one; 8:25 - II; 8:38 - III; 8:55 - IV; 8:57 - IV
Are there reasons that this tape needs editing for
broadcast?  (Interruptions in continuity, reference
to pictures, nasty, evil words, etc?)  If so, where:  
Moves out of mic range in very beginning.  Fix at 8:47 approx.  Sorry about line noise - not from cables or mic.
Please give your reaction to the quality of this event. 
(e.g. speaker's delivery deadly monotonous; content 
especially good or relevant, or too technical, or dull; 
etc.): Nice, good.  Did you have any technical problems? (equipment failure, speaker walking away from microphone, etc.):  #06807, AG 600B.  Loud hum 0-6 input A with ""RF"" interference.  This has nothing to do with input signals or cable - ""RF"" probably due to improper AC grounding.  Machine still has a meter that sticks when pined.
Your name:  Don Schott
Handwritten notation: ""Ok to play this reading on any public radio station.  Philip Levine""||Original source recording: reel to reel tape.","Description on Box with tape reel:   Nov. 17th, 1976, 8:00pm, #III in series, Tails out - no tone - DAS.",00:57:14,,audio/mpeg,http://hdl.handle.net/2374.UC/696699,en_US,University of Cincinnati,University of Cincinnati. Elliston Poetry Room,University of Cincinnati. University of Cincinnati Libraries,The Elliston Project: Poetry Readings and Lectures at the University of Cincinnati,The Elliston Project : Poetry Readings||Elliston Poets-in-Residence,,,,http://creativecommons.org/licenses/by-nc-nd/3.0/us/,Attribution-NonCommercial-NoDerivs 3.0 United States,,,Poetry--20th century,"Levine, Philip, 1928-",,"Levine, Philip : poetry reading : reading from translations; November 17, 1976","Recording, acoustical"
564384,2374.UC/695985,"Weissmann, David",University of Cincinnati. Elliston Poetry Room,,1974,1974-07-28,2012-02-06,1974-07-28,,,Digital Projects SAN: Folder and disc location for wav file: 20120206/BOX1/Disc 1. Folder and disc location for mp3 file: 20120206/BOX1/Disc 3/mp3s box 1 .||Original source recording: reel to reel tape.,"Paper Notes Inside Reel Box: Poetry reading by David Weissmann, 1973-74 Elliston Poetry Fellow at UC.  
OQ: theme music ends; Mono; Heads up",,00:48:48,audio/mpeg,http://hdl.handle.net/2374.UC/696701,en_US,University of Cincinnati,University of Cincinnati. Elliston Poetry Room,University of Cincinnati. University of Cincinnati Libraries,The Elliston Project: Poetry Readings and Lectures at the University of Cincinnati,The Elliston Project : Poetry Readings,Elliston Reading Series : The Poets' Corner,,,http://creativecommons.org/licenses/by-nc-nd/3.0/us/,Attribution-NonCommercial-NoDerivs 3.0 United States,,,Poetry--20th century,"Weissmann, David",,"Weissmann, David : The Poets' Corner; July 28,1974","Recording, acoustical"
564385,2374.UC/695985,"Hucker, Vicki",,University of Cincinnati. McMicken Hall,1976,1976-05-18,2012-02-06,1976-05-18,"<center>Contents:</center>
<br clear=""all""/>
<a href=""http://drc.libraries.uc.edu/bitstream/handle/2374.UC/696702/Elliston_Vicki_Hucker_05-18-76.mp3?sequence=6"">All tracks</a>&nbsp;&nbsp;&nbsp;Poetry reading [complete]
<br clear=""all"" />
<a href=""http://drc.libraries.uc.edu/bitstream/handle/2374.UC/696702/Elliston_Vicki_Hucker_05-18-76_Track_01.mp3?sequence=7"">Track 01</a>
&nbsp;&nbsp;&nbsp;&nbsp;The words she had planned
<br clear=""all"" />
<a href=""http://drc.libraries.uc.edu/bitstream/handle/2374.UC/696702/Elliston_Vicki_Hucker_05-18-76_Track_02.mp3?sequence=8"">Track 02</a>
&nbsp;&nbsp;&nbsp;&nbsp;One leaf, wide
<br clear=""all"" />
<a href=""http://drc.libraries.uc.edu/bitstream/handle/2374.UC/696702/Elliston_Vicki_Hucker_05-18-76_Track_03.mp3?sequence=9"">Track 03</a>
&nbsp;&nbsp;&nbsp;&nbsp;The ten thousand things I am
<br clear=""all"" />
<a href=""http://drc.libraries.uc.edu/bitstream/handle/2374.UC/696702/Elliston_Vicki_Hucker_05-18-76_Track_04.mp3?sequence=10"">Track 04</a>
&nbsp;&nbsp;&nbsp;&nbsp;The sailcat gets caught
<br clear=""all"" />
<a href=""http://drc.libraries.uc.edu/bitstream/handle/2374.UC/696702/Elliston_Vicki_Hucker_05-18-76_Track_05.mp3?sequence=11"">Track 05</a>
&nbsp;&nbsp;&nbsp;&nbsp;Three Jazz Musicians
<br clear=""all"" />
<a href=""http://drc.libraries.uc.edu/bitstream/handle/2374.UC/696702/Elliston_Vicki_Hucker_05-18-76_Track_06.mp3?sequence=12"">Track 06</a>
&nbsp;&nbsp;&nbsp;&nbsp;Story
<br clear=""all"" />
<a href=""http://drc.libraries.uc.edu/bitstream/handle/2374.UC/696702/Elliston_Vicki_Hucker_05-18-76_Track_07.mp3?sequence=13"">Track 07</a>
&nbsp;&nbsp;&nbsp;&nbsp;Thank You, G.L Bernini
<br clear=""all"" />
<a href=""http://drc.libraries.uc.edu/bitstream/handle/2374.UC/696702/Elliston_Vicki_Hucker_05-18-76_Track_08.mp3?sequence=14"">Track 08</a>
&nbsp;&nbsp;&nbsp;&nbsp;Words lost their grafting places
<br clear=""all"" />
<a href=""http://drc.libraries.uc.edu/bitstream/handle/2374.UC/696702/Elliston_Vicki_Hucker_05-18-76_Track_09.mp3?sequence=15"">Track 09</a>
&nbsp;&nbsp;&nbsp;&nbsp;We lay down our histories
<br clear=""all"" />
<a href=""http://drc.libraries.uc.edu/bitstream/handle/2374.UC/696702/Elliston_Vicki_Hucker_05-18-76_Track_10.mp3?sequence=16"">Track 10</a>
&nbsp;&nbsp;&nbsp;&nbsp;How can you go on?
<br clear=""all"" />
<a href=""http://drc.libraries.uc.edu/bitstream/handle/2374.UC/696702/Elliston_Vicki_Hucker_05-18-76_Track_11.mp3?sequence=17"">Track 11</a>
&nbsp;&nbsp;&nbsp;&nbsp;Sympathy for the juggler?
<br clear=""all"" />
<a href=""http://drc.libraries.uc.edu/bitstream/handle/2374.UC/696702/Elliston_Vicki_Hucker_05-18-76_Track_12.mp3?sequence=18"">Track 12</a>
&nbsp;&nbsp;&nbsp;&nbsp;I grew up knowing
<br clear=""all"" />
<a href=""http://drc.libraries.uc.edu/bitstream/handle/2374.UC/696702/Elliston_Vicki_Hucker_05-18-76_Track_13.mp3?sequence=19"">Track 13</a>
&nbsp;&nbsp;&nbsp;&nbsp;Love has a short vowel
<br clear=""all"" />
<a href=""http://drc.libraries.uc.edu/bitstream/handle/2374.UC/696702/Elliston_Vicki_Hucker_05-18-76_Track_14.mp3?sequence=20"">Track 14</a>
&nbsp;&nbsp;&nbsp;&nbsp;Old Geraldine
<br clear=""all"" />
<a href=""http://drc.libraries.uc.edu/bitstream/handle/2374.UC/696702/Elliston_Vicki_Hucker_05-18-76_Track_15.mp3?sequence=21"">Track 15</a>
&nbsp;&nbsp;&nbsp;&nbsp;The Cards
<br clear=""all"" />
<a href=""http://drc.libraries.uc.edu/bitstream/handle/2374.UC/696702/Elliston_Vicki_Hucker_05-18-76_Track_16.mp3?sequence=22"">Track 16</a>
&nbsp;&nbsp;&nbsp;&nbsp;In prison, he could write the truth
<br clear=""all"" />
<a href=""http://drc.libraries.uc.edu/bitstream/handle/2374.UC/696702/Elliston_Vicki_Hucker_05-18-76_Track_17.mp3?sequence=23"">Track 17</a>
&nbsp;&nbsp;&nbsp;&nbsp;The life in you whistles loud
<br clear=""all"" />
<a href=""http://drc.libraries.uc.edu/bitstream/handle/2374.UC/696702/Elliston_Vicki_Hucker_05-18-76_Track_18.mp3?sequence=24"">Track 18</a>
&nbsp;&nbsp;&nbsp;&nbsp;Rust and wet leaves
<br clear=""all"" />
<a href=""http://drc.libraries.uc.edu/bitstream/handle/2374.UC/696702/Elliston_Vicki_Hucker_05-18-76_Track_19.mp3?sequence=25"">Track 19</a>
&nbsp;&nbsp;&nbsp;&nbsp;Reading in the runes
<br clear=""all"" />
<a href=""http://drc.libraries.uc.edu/bitstream/handle/2374.UC/696702/Elliston_Vicki_Hucker_05-18-76_Track_20.mp3?sequence=26"">Track 20</a>
&nbsp;&nbsp;&nbsp;&nbsp;Balloons: The Feast of the Assumption",,Digital Projects SAN: Folder and disc location for wav file: 20120206/BOX1/Disc 1. Folder and disc location for mp3 file: 20120206/BOX1/Disc 3/mp3s box 1.,"Description on Reel Box: Heads up, store tails out when finished playing; theme music out; stereo; to be aired May 18, 1976",,00:30:19,audio/mpeg,http://hdl.handle.net/2374.UC/696702,en_US,University of Cincinnati,University of Cincinnati. Elliston Poetry Room,University of Cincinnati. University of Cincinnati Libraries,The Elliston Project: Poetry Readings and Lectures at the University of Cincinnati,The Elliston Project : Poetry Readings||The Elliston Project : Interviews,Elliston Reading Series : Corner Poets,,,http://creativecommons.org/licenses/by-nc-nd/3.0/us/,Attribution-NonCommercial-NoDerivs 3.0 United States,,,Poetry--20th century,"Hucker, Vicki",,"Hucker, Vicki : interview and poetry reading : Corner Poets #7; May 18, 1976","Recording, acoustical"
564386,2374.UC/695985,"Baumeister, Bob",,University of Cincinnati. Elliston Poetry Room,1973,1973-06-01,2012-02-06,1973-06-01,"<center>Contents:</center>
<br clear=""all""/>
<a href=""http://drc.libraries.uc.edu/bitstream/handle/2374.UC/696703/Elliston_Bob_Baumeister_06-01-76.mp3?sequence=4"">All tracks</a>&nbsp;&nbsp;&nbsp;Poetry reading [complete]
<br clear=""all"" />
<a href=""http://drc.libraries.uc.edu/bitstream/handle/2374.UC/696703/Elliston_Bob_Baumeister_06-01-76_Track_01.mp3?sequence=5"">Track 01</a>
&nbsp;&nbsp;&nbsp;&nbsp;Poetry
<br clear=""all"" />
<a href=""http://drc.libraries.uc.edu/bitstream/handle/2374.UC/696703/Elliston_Bob_Baumeister_06-01-76_Track_02.mp3?sequence=6"">Track 02</a>
&nbsp;&nbsp;&nbsp;&nbsp;Message for Mordor
<br clear=""all"" />
<a href=""http://drc.libraries.uc.edu/bitstream/handle/2374.UC/696703/Elliston_Bob_Baumeister_06-01-76_Track_03.mp3?sequence=7"">Track 03</a>
&nbsp;&nbsp;&nbsp;&nbsp;Skyward They Come
<br clear=""all"" />
<a href=""http://drc.libraries.uc.edu/bitstream/handle/2374.UC/696703/Elliston_Bob_Baumeister_06-01-76_Track_04.mp3?sequence=8"">Track 04</a>
&nbsp;&nbsp;&nbsp;&nbsp;On a Hill Near Dong Ha
<br clear=""all"" />
<a href=""http://drc.libraries.uc.edu/bitstream/handle/2374.UC/696703/Elliston_Bob_Baumeister_06-01-76_Track_05.mp3?sequence=9"">Track 05</a>
&nbsp;&nbsp;&nbsp;&nbsp;Cool and Dark
<br clear=""all"" />
<a href=""http://drc.libraries.uc.edu/bitstream/handle/2374.UC/696703/Elliston_Bob_Baumeister_06-01-76_Track_06.mp3?sequence=10"">Track 06</a>
&nbsp;&nbsp;&nbsp;&nbsp;Incoming Mail
<br clear=""all"" />
<a href=""http://drc.libraries.uc.edu/bitstream/handle/2374.UC/696703/Elliston_Bob_Baumeister_06-01-76_Track_07.mp3?sequence=11"">Track 07</a>
&nbsp;&nbsp;&nbsp;&nbsp;Woodstock Memorandum
<br clear=""all"" />
<a href=""http://drc.libraries.uc.edu/bitstream/handle/2374.UC/696703/Elliston_Bob_Baumeister_06-01-76_Track_08.mp3?sequence=12"">Track 08</a>
&nbsp;&nbsp;&nbsp;&nbsp;For Without Her
<br clear=""all"" />
<a href=""http://drc.libraries.uc.edu/bitstream/handle/2374.UC/696703/Elliston_Bob_Baumeister_06-01-76_Track_09.mp3?sequence=13"">Track 09</a>
&nbsp;&nbsp;&nbsp;&nbsp;Clifford's Justice
<br clear=""all"" />
<a href=""http://drc.libraries.uc.edu/bitstream/handle/2374.UC/696703/Elliston_Bob_Baumeister_06-01-76_Track_10.mp3?sequence=14"">Track 10</a>
&nbsp;&nbsp;&nbsp;&nbsp;On a Line by James Bertolino
<br clear=""all"" />
<a href=""http://drc.libraries.uc.edu/bitstream/handle/2374.UC/696703/Elliston_Bob_Baumeister_06-01-76_Track_11.mp3?sequence=15"">Track 11</a>
&nbsp;&nbsp;&nbsp;&nbsp;Milkmen
<br clear=""all"" />
<a href=""http://drc.libraries.uc.edu/bitstream/handle/2374.UC/696703/Elliston_Bob_Baumeister_06-01-76_Track_12.mp3?sequence=16"">Track 12</a>
&nbsp;&nbsp;&nbsp;&nbsp;Man
<br clear=""all"" />
<a href=""http://drc.libraries.uc.edu/bitstream/handle/2374.UC/696703/Elliston_Bob_Baumeister_06-01-76_Track_13.mp3?sequence=17"">Track 13</a>
&nbsp;&nbsp;&nbsp;&nbsp;Tree
<br clear=""all"" />
<a href=""http://drc.libraries.uc.edu/bitstream/handle/2374.UC/696703/Elliston_Bob_Baumeister_06-01-76_Track_14.mp3?sequence=18"">Track 14</a>
&nbsp;&nbsp;&nbsp;&nbsp;Dog
<br clear=""all"" />
<a href=""http://drc.libraries.uc.edu/bitstream/handle/2374.UC/696703/Elliston_Bob_Baumeister_06-01-76_Track_15.mp3?sequence=19"">Track 15</a>
&nbsp;&nbsp;&nbsp;&nbsp;Star Trek
<br clear=""all"" />
<a href=""http://drc.libraries.uc.edu/bitstream/handle/2374.UC/696703/Elliston_Bob_Baumeister_06-01-76_Track_16.mp3?sequence=20"">Track 16</a>
&nbsp;&nbsp;&nbsp;&nbsp;Release
<br clear=""all"" />
<a href=""http://drc.libraries.uc.edu/bitstream/handle/2374.UC/696703/Elliston_Bob_Baumeister_06-01-76_Track_17.mp3?sequence=21"">Track 17</a>
&nbsp;&nbsp;&nbsp;&nbsp;Heredity
<br clear=""all"" />
<a href=""http://drc.libraries.uc.edu/bitstream/handle/2374.UC/696703/Elliston_Bob_Baumeister_06-01-76_Track_18.mp3?sequence=22"">Track 18</a>
&nbsp;&nbsp;&nbsp;&nbsp;Immortality
<br clear=""all"" />
<a href=""http://drc.libraries.uc.edu/bitstream/handle/2374.UC/696703/Elliston_Bob_Baumeister_06-01-76_Track_19.mp3?sequence=23"">Track 19</a>
&nbsp;&nbsp;&nbsp;&nbsp;Another Dog
<br clear=""all"" />
<a href=""http://drc.libraries.uc.edu/bitstream/handle/2374.UC/696703/Elliston_Bob_Baumeister_06-01-76_Track_20.mp3?sequence=24"">Track 20</a>
&nbsp;&nbsp;&nbsp;&nbsp;Spring
<br clear=""all"" />
<a href=""http://drc.libraries.uc.edu/bitstream/handle/2374.UC/696703/Elliston_Bob_Baumeister_06-01-76_Track_21.mp3?sequence=25"">Track 21</a>
&nbsp;&nbsp;&nbsp;&nbsp;Does Man Intend to End His Life",,Digital Projects SAN: Folder and disc location for wav file: 20120206/BOX1/Disc 1. Folder and disc location for mp3 file: 20120206/BOX1/Disc 3/mp3s box 1.,"Description on Reel Box: Stereo; heads up, but store tails out; 
theme music ends; National Finalist",,00:28:18,audio/mpeg,http://hdl.handle.net/2374.UC/696703,en_US,University of Cincinnati,University of Cincinnati. Elliston Poetry Room,University of Cincinnati. University of Cincinnati Libraries,The Elliston Project: Poetry Readings and Lectures at the University of Cincinnati,The Elliston Project : Interviews||The Elliston Project : Poetry Readings,Elliston Reading Series : Corner Poets,,,http://creativecommons.org/licenses/by-nc-nd/3.0/us/,Attribution-NonCommercial-NoDerivs 3.0 United States,,,Poetry--20th century,"Baumeister, Bob",,"Baumeister, Bob : interview and poetry reading; Corner Poets #9; June 1st, 1973","Recording, acoustical"
